[{"id":"user-image-64797.png","publicUrl":"np://user.desktop.nicepage.com/Site_2049818522/images/64797.png","size":2019,"hash":"JZDPJYAU1+mYDsW24wdx92uTaY8=","fileName":"64797.png","name":"64797","width":128,"height":128,"thumbnail":{"url":"np://user.desktop.nicepage.com/Site_2049818522/images/thumbnails/64797.png","width":128,"height":128,"length":2019,"type":"png"},"folderId":null,"usages":["173961537"]},{"id":"user-image-b224e46d-cc0f-45f0-b90e-211e18d06f1f.png","publicUrl":"np://user.desktop.nicepage.com/Site_2049818522/images/b224e46d-cc0f-45f0-b90e-211e18d06f1f.png","size":335902,"hash":"+TN85JMalvrLDKBbuP1AAl0BPj8=","fileName":"b224e46d-cc0f-45f0-b90e-211e18d06f1f.png","name":"b224e46d-cc0f-45f0-b90e-211e18d06f1f","width":455,"height":480,"thumbnail":{"url":"np://user.desktop.nicepage.com/Site_2049818522/images/thumbnails/b224e46d-cc0f-45f0-b90e-211e18d06f1f.png","width":237,"height":250},"folderId":null,"usages":["441620032","1467519395"]},{"id":"user-image-08a4f08f-dcb0-4297-a9d4-d632cbe858d8.png","publicUrl":"np://user.desktop.nicepage.com/Site_2049818522/images/08a4f08f-dcb0-4297-a9d4-d632cbe858d8.png","size":193795,"hash":"gFoRJukrKVHFVSi7bEYnb8K6ZYg=","fileName":"08a4f08f-dcb0-4297-a9d4-d632cbe858d8.png","name":"08a4f08f-dcb0-4297-a9d4-d632cbe858d8","width":303,"height":480,"thumbnail":{"url":"np://user.desktop.nicepage.com/Site_2049818522/images/thumbnails/08a4f08f-dcb0-4297-a9d4-d632cbe858d8.png","width":158,"height":250},"folderId":null,"usages":["441620032","56169283"]},{"id":"user-image-3debbb91-7067-4e30-acff-89b46c6bd3fc.png","publicUrl":"np://user.desktop.nicepage.com/Site_2049818522/images/3debbb91-7067-4e30-acff-89b46c6bd3fc.png","size":194097,"hash":"nlPDiD3PbH6uw1Z6hSGrjv3tOZ8=","fileName":"3debbb91-7067-4e30-acff-89b46c6bd3fc.png","name":"3debbb91-7067-4e30-acff-89b46c6bd3fc","width":289,"height":480,"thumbnail":{"url":"np://user.desktop.nicepage.com/Site_2049818522/images/thumbnails/3debbb91-7067-4e30-acff-89b46c6bd3fc.png","width":151,"height":250},"folderId":null,"usages":["441620032","41807577"]},{"id":"user-image-913433f1-d64a-4ba0-94b7-31d2dfe265e5.png","publicUrl":"np://user.desktop.nicepage.com/Site_2049818522/images/913433f1-d64a-4ba0-94b7-31d2dfe265e5.png","size":200679,"hash":"8pr2Da0P/zOYf0jd1jl7JLsS7hY=","fileName":"913433f1-d64a-4ba0-94b7-31d2dfe265e5.png","name":"913433f1-d64a-4ba0-94b7-31d2dfe265e5","width":312,"height":480,"thumbnail":{"url":"np://user.desktop.nicepage.com/Site_2049818522/images/thumbnails/913433f1-d64a-4ba0-94b7-31d2dfe265e5.png","width":163,"height":250},"folderId":null,"usages":["441620032","49427819"]},{"id":"user-image-219eada9-199e-4224-a5c6-b1c560609704.jpeg","publicUrl":"np://user.desktop.nicepage.com/Site_2049818522/images/219eada9-199e-4224-a5c6-b1c560609704.jpeg","size":190413,"hash":"yZ5z5bmcgbtrSDbw1RKq1G0zFug=","fileName":"219eada9-199e-4224-a5c6-b1c560609704.jpeg","name":"219eada9-199e-4224-a5c6-b1c560609704","width":480,"height":480,"thumbnail":{"url":"np://user.desktop.nicepage.com/Site_2049818522/images/thumbnails/219eada9-199e-4224-a5c6-b1c560609704.jpeg","width":250,"height":250},"folderId":null,"usages":["441620032"]},{"id":"user-image-9d9cdacf-e990-409d-924a-80e7c3a2b664.jpeg","publicUrl":"np://user.desktop.nicepage.com/Site_2049818522/images/9d9cdacf-e990-409d-924a-80e7c3a2b664.jpeg","size":191845,"hash":"rhwxFY0X+TQBVqFQPVqv93AiYzE=","fileName":"9d9cdacf-e990-409d-924a-80e7c3a2b664.jpeg","name":"9d9cdacf-e990-409d-924a-80e7c3a2b664","width":480,"height":480,"thumbnail":{"url":"np://user.desktop.nicepage.com/Site_2049818522/images/thumbnails/9d9cdacf-e990-409d-924a-80e7c3a2b664.jpeg","width":250,"height":250},"folderId":null,"usages":["441620032"]},{"id":"user-image-299d4ea9-34ea-4472-a879-50a7ff0c1c18.jpeg","publicUrl":"np://user.desktop.nicepage.com/Site_2049818522/images/299d4ea9-34ea-4472-a879-50a7ff0c1c18.jpeg","size":207928,"hash":"rMp3mBq/aOm1pzllVHF3ZDvz31g=","fileName":"299d4ea9-34ea-4472-a879-50a7ff0c1c18.jpeg","name":"299d4ea9-34ea-4472-a879-50a7ff0c1c18","width":480,"height":480,"thumbnail":{"url":"np://user.desktop.nicepage.com/Site_2049818522/images/thumbnails/299d4ea9-34ea-4472-a879-50a7ff0c1c18.jpeg","width":250,"height":250},"folderId":null,"usages":["441620032"]},{"id":"user-image-7e6e6995-cabd-4f51-87f4-8f20fab7fa98.jpeg","publicUrl":"np://user.desktop.nicepage.com/Site_2049818522/images/7e6e6995-cabd-4f51-87f4-8f20fab7fa98.jpeg","size":152691,"hash":"VTfrxCbDwf92ia6w28fco+bfgN8=","fileName":"7e6e6995-cabd-4f51-87f4-8f20fab7fa98.jpeg","name":"7e6e6995-cabd-4f51-87f4-8f20fab7fa98","width":480,"height":480,"thumbnail":{"url":"np://user.desktop.nicepage.com/Site_2049818522/images/thumbnails/7e6e6995-cabd-4f51-87f4-8f20fab7fa98.jpeg","width":250,"height":250},"folderId":null,"usages":["171256154","2499125883"]},{"id":"user-image-015a752b-534a-407b-b2bd-5e7cdaa3e877.jpeg","publicUrl":"np://user.desktop.nicepage.com/Site_2049818522/images/015a752b-534a-407b-b2bd-5e7cdaa3e877.jpeg","size":160100,"hash":"3h4uuyLgZhrhWoU4FJcT6pdXxTs=","fileName":"015a752b-534a-407b-b2bd-5e7cdaa3e877.jpeg","name":"015a752b-534a-407b-b2bd-5e7cdaa3e877","width":480,"height":480,"thumbnail":{"url":"np://user.desktop.nicepage.com/Site_2049818522/images/thumbnails/015a752b-534a-407b-b2bd-5e7cdaa3e877.jpeg","width":250,"height":250},"folderId":null,"usages":["171256154","30738377"]},{"id":"user-image-4eeadb2f-19fe-41ae-97f9-edfa00a55687.jpeg","publicUrl":"np://user.desktop.nicepage.com/Site_2049818522/images/4eeadb2f-19fe-41ae-97f9-edfa00a55687.jpeg","size":165907,"hash":"blk8Ym68LYl8IiAmUhnuAgRWLbw=","fileName":"4eeadb2f-19fe-41ae-97f9-edfa00a55687.jpeg","name":"4eeadb2f-19fe-41ae-97f9-edfa00a55687","width":480,"height":480,"thumbnail":{"url":"np://user.desktop.nicepage.com/Site_2049818522/images/thumbnails/4eeadb2f-19fe-41ae-97f9-edfa00a55687.jpeg","width":250,"height":250},"folderId":null,"usages":["171256154","1916322116"]},{"id":"user-image-0ee7b220-6227-4dee-a9b0-0bbd6435ce82.jpeg","publicUrl":"np://user.desktop.nicepage.com/Site_2049818522/images/0ee7b220-6227-4dee-a9b0-0bbd6435ce82.jpeg","size":146452,"hash":"Mcfoo6U4cWKN6qH+iSXFe7GUR/M=","fileName":"0ee7b220-6227-4dee-a9b0-0bbd6435ce82.jpeg","name":"0ee7b220-6227-4dee-a9b0-0bbd6435ce82","width":480,"height":480,"thumbnail":{"url":"np://user.desktop.nicepage.com/Site_2049818522/images/thumbnails/0ee7b220-6227-4dee-a9b0-0bbd6435ce82.jpeg","width":250,"height":250},"folderId":null,"usages":["171256154","308976322","1348601939"]},{"id":"user-image-21aa0d55-ff7e-4273-be45-972bb674532a.jpeg","publicUrl":"np://user.desktop.nicepage.com/Site_2049818522/images/21aa0d55-ff7e-4273-be45-972bb674532a.jpeg","size":144478,"hash":"+Ru7WjnDcgY+2kK8W/PzofFdeaE=","fileName":"21aa0d55-ff7e-4273-be45-972bb674532a.jpeg","name":"21aa0d55-ff7e-4273-be45-972bb674532a","width":480,"height":480,"thumbnail":{"url":"np://user.desktop.nicepage.com/Site_2049818522/images/thumbnails/21aa0d55-ff7e-4273-be45-972bb674532a.jpeg","width":250,"height":250},"folderId":null,"usages":["171256154"]},{"id":"user-image-c930aa75-2ff5-4664-8670-853f4135e964.jpeg","publicUrl":"np://user.desktop.nicepage.com/Site_2049818522/images/c930aa75-2ff5-4664-8670-853f4135e964.jpeg","size":167020,"hash":"oaRer0/QrZT10XfX3oF+2P4Ibxo=","fileName":"c930aa75-2ff5-4664-8670-853f4135e964.jpeg","name":"c930aa75-2ff5-4664-8670-853f4135e964","width":480,"height":480,"thumbnail":{"url":"np://user.desktop.nicepage.com/Site_2049818522/images/thumbnails/c930aa75-2ff5-4664-8670-853f4135e964.jpeg","width":250,"height":250},"folderId":null,"usages":["171256154","613720810"]},{"id":"user-image-b40a3eba-f5be-447f-b227-d4a0c5c920b0.jpeg","publicUrl":"np://user.desktop.nicepage.com/Site_2049818522/images/b40a3eba-f5be-447f-b227-d4a0c5c920b0.jpeg","size":139498,"hash":"fx9/XnDoRkdQpaQz6raHcHzcTBY=","fileName":"b40a3eba-f5be-447f-b227-d4a0c5c920b0.jpeg","name":"b40a3eba-f5be-447f-b227-d4a0c5c920b0","width":480,"height":480,"thumbnail":{"url":"np://user.desktop.nicepage.com/Site_2049818522/images/thumbnails/b40a3eba-f5be-447f-b227-d4a0c5c920b0.jpeg","width":250,"height":250},"folderId":null,"usages":["171256154","61490438"]},{"id":"user-image-804068fa-0fe1-421f-8fd0-02052bb1d6c4.png","publicUrl":"np://user.desktop.nicepage.com/Site_2049818522/images/804068fa-0fe1-421f-8fd0-02052bb1d6c4.png","size":34584,"hash":"i09hb5L8lXGwioVcsvlYxlZ7Mzo=","fileName":"804068fa-0fe1-421f-8fd0-02052bb1d6c4.png","name":"804068fa-0fe1-421f-8fd0-02052bb1d6c4","width":401,"height":395,"thumbnail":{"url":"np://user.desktop.nicepage.com/Site_2049818522/images/thumbnails/804068fa-0fe1-421f-8fd0-02052bb1d6c4.png","width":250,"height":246},"folderId":null,"usages":["5325986","611006603"]},{"id":"user-image-438776b6-27ab-49d3-b479-fd908f25ac6a.png","publicUrl":"np://user.desktop.nicepage.com/Site_2049818522/images/438776b6-27ab-49d3-b479-fd908f25ac6a.png","size":41438,"hash":"R7a7ITYewsCmzlMbKDFVBFqCW6M=","fileName":"438776b6-27ab-49d3-b479-fd908f25ac6a.png","name":"438776b6-27ab-49d3-b479-fd908f25ac6a","width":407,"height":395,"thumbnail":{"url":"np://user.desktop.nicepage.com/Site_2049818522/images/thumbnails/438776b6-27ab-49d3-b479-fd908f25ac6a.png","width":250,"height":243},"folderId":null,"usages":["5325986","65754022"]},{"id":"user-image-0cabbf6e-355e-40cf-b72e-e49fd9647c52.png","publicUrl":"np://user.desktop.nicepage.com/Site_2049818522/images/0cabbf6e-355e-40cf-b72e-e49fd9647c52.png","size":34728,"hash":"pbc+it4+PkOhdSt4m4SRkch2szg=","fileName":"0cabbf6e-355e-40cf-b72e-e49fd9647c52.png","name":"0cabbf6e-355e-40cf-b72e-e49fd9647c52","width":389,"height":390,"thumbnail":{"url":"np://user.desktop.nicepage.com/Site_2049818522/images/thumbnails/0cabbf6e-355e-40cf-b72e-e49fd9647c52.png","width":249,"height":250},"folderId":null,"usages":["5325986","2000929111"]},{"id":"user-image-53b68a49-70d8-401d-9f49-d3e1929ed62c.png","publicUrl":"np://user.desktop.nicepage.com/Site_2049818522/images/53b68a49-70d8-401d-9f49-d3e1929ed62c.png","size":63564,"hash":"B0bmwVqh5z82MADtkyiXZeKK+sA=","fileName":"53b68a49-70d8-401d-9f49-d3e1929ed62c.png","name":"53b68a49-70d8-401d-9f49-d3e1929ed62c","width":411,"height":394,"thumbnail":{"url":"np://user.desktop.nicepage.com/Site_2049818522/images/thumbnails/53b68a49-70d8-401d-9f49-d3e1929ed62c.png","width":250,"height":240},"folderId":null,"usages":["5325986","677021472"]},{"id":"user-image-08a0a60c-f5df-4782-b319-6a24a67277a5.jpg","publicUrl":"np://user.desktop.nicepage.com/Site_2049818522/images/08a0a60c-f5df-4782-b319-6a24a67277a5.jpg","size":27366,"hash":"M3uQ5Es3fAGGj3C7fxAATNFrerY=","fileName":"08a0a60c-f5df-4782-b319-6a24a67277a5.jpg","name":"08a0a60c-f5df-4782-b319-6a24a67277a5","width":480,"height":480,"thumbnail":{"url":"np://user.desktop.nicepage.com/Site_2049818522/images/thumbnails/08a0a60c-f5df-4782-b319-6a24a67277a5.jpg","width":250,"height":250},"folderId":null,"usages":["5325986","78657190"]},{"id":"user-image-0a064aa9-c0b6-4c30-88b5-941a4ba9b2cc.jpg","publicUrl":"np://user.desktop.nicepage.com/Site_2049818522/images/0a064aa9-c0b6-4c30-88b5-941a4ba9b2cc.jpg","size":33616,"hash":"RzDxBG66yhrecwnJTnuc5BlAWME=","fileName":"0a064aa9-c0b6-4c30-88b5-941a4ba9b2cc.jpg","name":"0a064aa9-c0b6-4c30-88b5-941a4ba9b2cc","width":480,"height":480,"thumbnail":{"url":"np://user.desktop.nicepage.com/Site_2049818522/images/thumbnails/0a064aa9-c0b6-4c30-88b5-941a4ba9b2cc.jpg","width":250,"height":250},"folderId":null,"usages":["5325986","96527779"]},{"id":"user-image-e0384f06-951e-48b9-80e1-7bb4e1a71d10.jpg","publicUrl":"np://user.desktop.nicepage.com/Site_2049818522/images/e0384f06-951e-48b9-80e1-7bb4e1a71d10.jpg","size":32374,"hash":"V68Gda5yZkDa4MENCfWi3su9tq4=","fileName":"e0384f06-951e-48b9-80e1-7bb4e1a71d10.jpg","name":"e0384f06-951e-48b9-80e1-7bb4e1a71d10","width":480,"height":480,"thumbnail":{"url":"np://user.desktop.nicepage.com/Site_2049818522/images/thumbnails/e0384f06-951e-48b9-80e1-7bb4e1a71d10.jpg","width":250,"height":250},"folderId":null,"usages":["5325986","67362716"]},{"id":"user-image-d018af65-7320-45fe-9808-a93c820e1ed9.jpg","publicUrl":"np://user.desktop.nicepage.com/Site_2049818522/images/d018af65-7320-45fe-9808-a93c820e1ed9.jpg","size":32600,"hash":"qG5ghghEKNspjhgrXKVx259+I3A=","fileName":"d018af65-7320-45fe-9808-a93c820e1ed9.jpg","name":"d018af65-7320-45fe-9808-a93c820e1ed9","width":480,"height":480,"thumbnail":{"url":"np://user.desktop.nicepage.com/Site_2049818522/images/thumbnails/d018af65-7320-45fe-9808-a93c820e1ed9.jpg","width":250,"height":250},"folderId":null,"usages":["5325986","168933579"]},{"id":"user-image-0f2e7438-e8b4-4c9a-b8c7-cbbf31cbb31a.jpg","publicUrl":"np://user.desktop.nicepage.com/Site_2049818522/images/0f2e7438-e8b4-4c9a-b8c7-cbbf31cbb31a.jpg","size":31116,"hash":"XKAAtNU6QQwy8BD1IG/dy9Szt2Y=","fileName":"0f2e7438-e8b4-4c9a-b8c7-cbbf31cbb31a.jpg","name":"0f2e7438-e8b4-4c9a-b8c7-cbbf31cbb31a","width":480,"height":480,"thumbnail":{"url":"np://user.desktop.nicepage.com/Site_2049818522/images/thumbnails/0f2e7438-e8b4-4c9a-b8c7-cbbf31cbb31a.jpg","width":250,"height":250},"folderId":null,"usages":["5325986","515814236"]},{"id":"user-image-6545bb2a-83c3-446c-a2f1-b5e2b37675db.jpg","publicUrl":"np://user.desktop.nicepage.com/Site_2049818522/images/6545bb2a-83c3-446c-a2f1-b5e2b37675db.jpg","size":32248,"hash":"uPMiHhUlpn1p7YzTnlH67uZlcw8=","fileName":"6545bb2a-83c3-446c-a2f1-b5e2b37675db.jpg","name":"6545bb2a-83c3-446c-a2f1-b5e2b37675db","width":480,"height":480,"thumbnail":{"url":"np://user.desktop.nicepage.com/Site_2049818522/images/thumbnails/6545bb2a-83c3-446c-a2f1-b5e2b37675db.jpg","width":250,"height":250},"folderId":null,"usages":["5325986","2352425829"]},{"id":"user-image-a91a7fd8-0184-4c71-83eb-a3b465e684191.jpg","publicUrl":"np://user.desktop.nicepage.com/Site_2049818522/images/a91a7fd8-0184-4c71-83eb-a3b465e684191.jpg","size":31686,"hash":"X8678YRkayfItGgp87PxSczLc+0=","fileName":"a91a7fd8-0184-4c71-83eb-a3b465e684191.jpg","name":"a91a7fd8-0184-4c71-83eb-a3b465e684191","width":480,"height":480,"thumbnail":{"url":"np://user.desktop.nicepage.com/Site_2049818522/images/thumbnails/a91a7fd8-0184-4c71-83eb-a3b465e684191.jpg","width":250,"height":250},"folderId":null,"usages":["5325986","93019497"]},{"id":"user-image-fc9630d4-779c-40ef-a61d-05655df2045e1.jpg","publicUrl":"np://user.desktop.nicepage.com/Site_2049818522/images/fc9630d4-779c-40ef-a61d-05655df2045e1.jpg","size":28487,"hash":"bHdnGL8xloF8og4DEszo/++cKIU=","fileName":"fc9630d4-779c-40ef-a61d-05655df2045e1.jpg","name":"fc9630d4-779c-40ef-a61d-05655df2045e1","width":480,"height":480,"thumbnail":{"url":"np://user.desktop.nicepage.com/Site_2049818522/images/thumbnails/fc9630d4-779c-40ef-a61d-05655df2045e1.jpg","width":250,"height":250},"folderId":null,"usages":["5325986","1888657"]},{"id":"user-image-62d35986-a356-4e7a-a85f-fa95e9ca09e31.jpeg","publicUrl":"np://user.desktop.nicepage.com/Site_2049818522/images/62d35986-a356-4e7a-a85f-fa95e9ca09e31.jpeg","size":94594,"hash":"Dm4ZGnPH50eiOL9Pdrzy7lRimeQ=","fileName":"62d35986-a356-4e7a-a85f-fa95e9ca09e31.jpeg","name":"62d35986-a356-4e7a-a85f-fa95e9ca09e31","width":480,"height":480,"thumbnail":{"url":"np://user.desktop.nicepage.com/Site_2049818522/images/thumbnails/62d35986-a356-4e7a-a85f-fa95e9ca09e31.jpeg","width":250,"height":250},"folderId":null,"usages":["49387406","19787500"]},{"id":"user-image-2604a0f4-9a9d-4a62-9e07-fa57e064e68b1.jpeg","publicUrl":"np://user.desktop.nicepage.com/Site_2049818522/images/2604a0f4-9a9d-4a62-9e07-fa57e064e68b1.jpeg","size":66801,"hash":"WA17OmSM7V236LLTnTOFFwCHSqE=","fileName":"2604a0f4-9a9d-4a62-9e07-fa57e064e68b1.jpeg","name":"2604a0f4-9a9d-4a62-9e07-fa57e064e68b1","width":480,"height":480,"thumbnail":{"url":"np://user.desktop.nicepage.com/Site_2049818522/images/thumbnails/2604a0f4-9a9d-4a62-9e07-fa57e064e68b1.jpeg","width":250,"height":250},"folderId":null,"usages":["49387406","573011394"]},{"id":"user-image-a675639c-9c40-46b7-b71a-9e8e96f21cf91.jpeg","publicUrl":"np://user.desktop.nicepage.com/Site_2049818522/images/a675639c-9c40-46b7-b71a-9e8e96f21cf91.jpeg","size":70093,"hash":"RVw1LNcZxKtiHrtlpLkh/a5pSmk=","fileName":"a675639c-9c40-46b7-b71a-9e8e96f21cf91.jpeg","name":"a675639c-9c40-46b7-b71a-9e8e96f21cf91","width":480,"height":480,"thumbnail":{"url":"np://user.desktop.nicepage.com/Site_2049818522/images/thumbnails/a675639c-9c40-46b7-b71a-9e8e96f21cf91.jpeg","width":250,"height":250},"folderId":null,"usages":["49387406","487304140"]},{"id":"user-image-966ce99a-f9bf-4fe0-8f3c-835d752e0d8e1.jpeg","publicUrl":"np://user.desktop.nicepage.com/Site_2049818522/images/966ce99a-f9bf-4fe0-8f3c-835d752e0d8e1.jpeg","size":72235,"hash":"K9aYc33/e1shXUQTOJhM6rXODOw=","fileName":"966ce99a-f9bf-4fe0-8f3c-835d752e0d8e1.jpeg","name":"966ce99a-f9bf-4fe0-8f3c-835d752e0d8e1","width":439,"height":480,"thumbnail":{"url":"np://user.desktop.nicepage.com/Site_2049818522/images/thumbnails/966ce99a-f9bf-4fe0-8f3c-835d752e0d8e1.jpeg","width":229,"height":250},"folderId":null,"usages":["49387406","4642748"]},{"id":"user-image-9800e223-57c6-4e82-993c-f0aa1cb01a3b1.jpeg","publicUrl":"np://user.desktop.nicepage.com/Site_2049818522/images/9800e223-57c6-4e82-993c-f0aa1cb01a3b1.jpeg","size":76765,"hash":"g/sUNPQxKBwnGVHnYC8BF/AAVQI=","fileName":"9800e223-57c6-4e82-993c-f0aa1cb01a3b1.jpeg","name":"9800e223-57c6-4e82-993c-f0aa1cb01a3b1","width":480,"height":480,"thumbnail":{"url":"np://user.desktop.nicepage.com/Site_2049818522/images/thumbnails/9800e223-57c6-4e82-993c-f0aa1cb01a3b1.jpeg","width":250,"height":250},"folderId":null,"usages":["49387406","517626727"]},{"id":"user-image-a65ea0cc-6b8f-4d69-bf79-95d2bee35b601.jpeg","publicUrl":"np://user.desktop.nicepage.com/Site_2049818522/images/a65ea0cc-6b8f-4d69-bf79-95d2bee35b601.jpeg","size":87712,"hash":"yg77TbhxcE/iuYAGWy4KqzzQk/Y=","fileName":"a65ea0cc-6b8f-4d69-bf79-95d2bee35b601.jpeg","name":"a65ea0cc-6b8f-4d69-bf79-95d2bee35b601","width":480,"height":480,"thumbnail":{"url":"np://user.desktop.nicepage.com/Site_2049818522/images/thumbnails/a65ea0cc-6b8f-4d69-bf79-95d2bee35b601.jpeg","width":250,"height":250},"folderId":null,"usages":["49387406","166219335"]},{"id":"user-image-63579e06-cd65-4ca6-a16b-4a521fd9c7db1.jpeg","publicUrl":"np://user.desktop.nicepage.com/Site_2049818522/images/63579e06-cd65-4ca6-a16b-4a521fd9c7db1.jpeg","size":91922,"hash":"5hMCPyWGf6gWBFcHHynLbobdofk=","fileName":"63579e06-cd65-4ca6-a16b-4a521fd9c7db1.jpeg","name":"63579e06-cd65-4ca6-a16b-4a521fd9c7db1","width":517,"height":480,"thumbnail":{"url":"np://user.desktop.nicepage.com/Site_2049818522/images/thumbnails/63579e06-cd65-4ca6-a16b-4a521fd9c7db1.jpeg","width":250,"height":232},"folderId":null,"usages":["49387406","87324596"]},{"id":"user-image-b38de00d-b281-4ddc-accf-c50a854c4c681.jpeg","publicUrl":"np://user.desktop.nicepage.com/Site_2049818522/images/b38de00d-b281-4ddc-accf-c50a854c4c681.jpeg","size":70660,"hash":"axKLNdQ1Gbnsw6/tsBTS7TeGc1o=","fileName":"b38de00d-b281-4ddc-accf-c50a854c4c681.jpeg","name":"b38de00d-b281-4ddc-accf-c50a854c4c681","width":480,"height":480,"thumbnail":{"url":"np://user.desktop.nicepage.com/Site_2049818522/images/thumbnails/b38de00d-b281-4ddc-accf-c50a854c4c681.jpeg","width":250,"height":250},"folderId":null,"usages":["49387406","13593138"]},{"id":"user-image-8d7c659f-3d79-4f43-9a53-feaef3401ef51.jpeg","publicUrl":"np://user.desktop.nicepage.com/Site_2049818522/images/8d7c659f-3d79-4f43-9a53-feaef3401ef51.jpeg","size":74164,"hash":"KAkEUJr7fPiEMLyivub49OCKUSY=","fileName":"8d7c659f-3d79-4f43-9a53-feaef3401ef51.jpeg","name":"8d7c659f-3d79-4f43-9a53-feaef3401ef51","width":480,"height":480,"thumbnail":{"url":"np://user.desktop.nicepage.com/Site_2049818522/images/thumbnails/8d7c659f-3d79-4f43-9a53-feaef3401ef51.jpeg","width":250,"height":250},"folderId":null,"usages":["49387406","34141616"]},{"id":"user-image-fa90ade1-dc63-4499-877c-615a32c54d531.jpeg","publicUrl":"np://user.desktop.nicepage.com/Site_2049818522/images/fa90ade1-dc63-4499-877c-615a32c54d531.jpeg","size":82975,"hash":"giYE2ONBqqjutP7hZYREkaT0taA=","fileName":"fa90ade1-dc63-4499-877c-615a32c54d531.jpeg","name":"fa90ade1-dc63-4499-877c-615a32c54d531","width":480,"height":480,"thumbnail":{"url":"np://user.desktop.nicepage.com/Site_2049818522/images/thumbnails/fa90ade1-dc63-4499-877c-615a32c54d531.jpeg","width":250,"height":250},"folderId":null,"usages":["49387406"]},{"id":"user-image-845d9106-decc-4333-bc0c-c8ce42aaac541.jpeg","publicUrl":"np://user.desktop.nicepage.com/Site_2049818522/images/845d9106-decc-4333-bc0c-c8ce42aaac541.jpeg","size":72641,"hash":"Sw0Kbxupxiy+BGM703smoRs7wt4=","fileName":"845d9106-decc-4333-bc0c-c8ce42aaac541.jpeg","name":"845d9106-decc-4333-bc0c-c8ce42aaac541","width":417,"height":417,"thumbnail":{"url":"np://user.desktop.nicepage.com/Site_2049818522/images/thumbnails/845d9106-decc-4333-bc0c-c8ce42aaac541.jpeg","width":250,"height":250},"folderId":null,"usages":["49387406","398522497"]},{"id":"user-image-c1a36d1d-66e4-480f-826b-2a41ad21a38f1.jpeg","publicUrl":"np://user.desktop.nicepage.com/Site_2049818522/images/c1a36d1d-66e4-480f-826b-2a41ad21a38f1.jpeg","size":82544,"hash":"qrtDnqMm0bpsaVZ3mDiq2LGZm90=","fileName":"c1a36d1d-66e4-480f-826b-2a41ad21a38f1.jpeg","name":"c1a36d1d-66e4-480f-826b-2a41ad21a38f1","width":480,"height":480,"thumbnail":{"url":"np://user.desktop.nicepage.com/Site_2049818522/images/thumbnails/c1a36d1d-66e4-480f-826b-2a41ad21a38f1.jpeg","width":250,"height":250},"folderId":null,"usages":["49387406","575518281"]},{"id":"user-image-06aaaf74-4c32-48cc-9af9-45117fea87d3.png","publicUrl":"np://user.desktop.nicepage.com/Site_2049818522/images/06aaaf74-4c32-48cc-9af9-45117fea87d3.png","size":150904,"hash":"C3oTHQL12h4n7KG+XYIVpx8xM7s=","fileName":"06aaaf74-4c32-48cc-9af9-45117fea87d3.png","name":"06aaaf74-4c32-48cc-9af9-45117fea87d3","width":479,"height":480,"thumbnail":{"url":"np://user.desktop.nicepage.com/Site_2049818522/images/thumbnails/06aaaf74-4c32-48cc-9af9-45117fea87d3.png","width":249,"height":250},"folderId":null,"usages":["49387406","27745625"]},{"id":"user-image-8e1bc703-a9c0-4b4b-a451-992612fd05a5.png","publicUrl":"np://user.desktop.nicepage.com/Site_2049818522/images/8e1bc703-a9c0-4b4b-a451-992612fd05a5.png","size":221772,"hash":"P9t9Qa7FDrhyGpQh+sb1xdXeBO0=","fileName":"8e1bc703-a9c0-4b4b-a451-992612fd05a5.png","name":"8e1bc703-a9c0-4b4b-a451-992612fd05a5","width":480,"height":480,"thumbnail":{"url":"np://user.desktop.nicepage.com/Site_2049818522/images/thumbnails/8e1bc703-a9c0-4b4b-a451-992612fd05a5.png","width":250,"height":250},"folderId":null,"usages":["49387406","4361411"]},{"id":"user-image-de773675-c856-41ed-8fb2-0d4433ba3774.png","publicUrl":"np://user.desktop.nicepage.com/Site_2049818522/images/de773675-c856-41ed-8fb2-0d4433ba3774.png","size":199498,"hash":"RHTROcYkLlGDKlbDSJkvoxpnpqI=","fileName":"de773675-c856-41ed-8fb2-0d4433ba3774.png","name":"de773675-c856-41ed-8fb2-0d4433ba3774","width":480,"height":480,"thumbnail":{"url":"np://user.desktop.nicepage.com/Site_2049818522/images/thumbnails/de773675-c856-41ed-8fb2-0d4433ba3774.png","width":250,"height":250},"folderId":null,"usages":["49387406","95065832"]},{"id":"user-image-b4758a60-04c0-43ab-9354-f73b3cd6bf50.png","publicUrl":"np://user.desktop.nicepage.com/Site_2049818522/images/b4758a60-04c0-43ab-9354-f73b3cd6bf50.png","size":156809,"hash":"xvPOTg6hFyFAgj05Vi4pym3pQlw=","fileName":"b4758a60-04c0-43ab-9354-f73b3cd6bf50.png","name":"b4758a60-04c0-43ab-9354-f73b3cd6bf50","width":481,"height":480,"thumbnail":{"url":"np://user.desktop.nicepage.com/Site_2049818522/images/thumbnails/b4758a60-04c0-43ab-9354-f73b3cd6bf50.png","width":250,"height":249},"folderId":null,"usages":["49387406","163594199"]},{"id":"user-image-d554f748-0424-48e0-8931-2dc326c0555f.png","publicUrl":"np://user.desktop.nicepage.com/Site_2049818522/images/d554f748-0424-48e0-8931-2dc326c0555f.png","size":173591,"hash":"3PJiJW+Hy4g1dstloDvuYDK/XM4=","fileName":"d554f748-0424-48e0-8931-2dc326c0555f.png","name":"d554f748-0424-48e0-8931-2dc326c0555f","width":480,"height":480,"thumbnail":{"url":"np://user.desktop.nicepage.com/Site_2049818522/images/thumbnails/d554f748-0424-48e0-8931-2dc326c0555f.png","width":250,"height":250},"folderId":null,"usages":["49387406","171707635"]},{"id":"user-image-aeff9efc-d02a-49d2-9d11-43f88f33588b.png","publicUrl":"np://user.desktop.nicepage.com/Site_2049818522/images/aeff9efc-d02a-49d2-9d11-43f88f33588b.png","size":184408,"hash":"oiXZfahe7yfidgxcVb/lSBDlp6I=","fileName":"aeff9efc-d02a-49d2-9d11-43f88f33588b.png","name":"aeff9efc-d02a-49d2-9d11-43f88f33588b","width":480,"height":480,"thumbnail":{"url":"np://user.desktop.nicepage.com/Site_2049818522/images/thumbnails/aeff9efc-d02a-49d2-9d11-43f88f33588b.png","width":250,"height":250},"folderId":null,"usages":["49387406","224101442"]},{"id":"user-image-614f3e89-411a-4dae-9e76-ddd2155bc39d.png","publicUrl":"np://user.desktop.nicepage.com/Site_2049818522/images/614f3e89-411a-4dae-9e76-ddd2155bc39d.png","size":183792,"hash":"M1GFRz/S8sxEdvlftQJQdCsONcQ=","fileName":"614f3e89-411a-4dae-9e76-ddd2155bc39d.png","name":"614f3e89-411a-4dae-9e76-ddd2155bc39d","width":480,"height":480,"thumbnail":{"url":"np://user.desktop.nicepage.com/Site_2049818522/images/thumbnails/614f3e89-411a-4dae-9e76-ddd2155bc39d.png","width":250,"height":250},"folderId":null,"usages":["49387406","150674714"]},{"id":"user-image-dc394032-eb5c-4784-82b9-6a77979acab4.png","publicUrl":"np://user.desktop.nicepage.com/Site_2049818522/images/dc394032-eb5c-4784-82b9-6a77979acab4.png","size":154671,"hash":"JHohU5APKVkVPfEY4TFvhbZzEHU=","fileName":"dc394032-eb5c-4784-82b9-6a77979acab4.png","name":"dc394032-eb5c-4784-82b9-6a77979acab4","width":481,"height":480,"thumbnail":{"url":"np://user.desktop.nicepage.com/Site_2049818522/images/thumbnails/dc394032-eb5c-4784-82b9-6a77979acab4.png","width":250,"height":249},"folderId":null,"usages":["49387406","633115836"]},{"id":"user-image-0d8b2b13-7dcb-468b-8cfd-eec27108ca031.jpeg","publicUrl":"np://user.desktop.nicepage.com/Site_2049818522/images/0d8b2b13-7dcb-468b-8cfd-eec27108ca031.jpeg","size":76555,"hash":"2E4HIl1MsokEnk91pxVDt81J5T0=","fileName":"0d8b2b13-7dcb-468b-8cfd-eec27108ca031.jpeg","name":"0d8b2b13-7dcb-468b-8cfd-eec27108ca031","width":480,"height":480,"thumbnail":{"url":"np://user.desktop.nicepage.com/Site_2049818522/images/thumbnails/0d8b2b13-7dcb-468b-8cfd-eec27108ca031.jpeg","width":250,"height":250},"folderId":null,"usages":["62532114","2106226262"]},{"id":"user-image-ddf72e3c-6e27-417c-83cc-1495b277a89f.jpeg","publicUrl":"np://user.desktop.nicepage.com/Site_2049818522/images/ddf72e3c-6e27-417c-83cc-1495b277a89f.jpeg","size":82210,"hash":"MSM0M8SAsL8XaRN/cRjAciGnyfc=","fileName":"ddf72e3c-6e27-417c-83cc-1495b277a89f.jpeg","name":"ddf72e3c-6e27-417c-83cc-1495b277a89f","width":480,"height":480,"thumbnail":{"url":"np://user.desktop.nicepage.com/Site_2049818522/images/thumbnails/ddf72e3c-6e27-417c-83cc-1495b277a89f.jpeg","width":250,"height":250},"folderId":null,"usages":["62532114","714928538"]},{"id":"user-image-84e4f887-7351-4eea-9832-eae9f09af106.jpeg","publicUrl":"np://user.desktop.nicepage.com/Site_2049818522/images/84e4f887-7351-4eea-9832-eae9f09af106.jpeg","size":97775,"hash":"PhtZjTw9B6qrE97bjyG8AoNf8eE=","fileName":"84e4f887-7351-4eea-9832-eae9f09af106.jpeg","name":"84e4f887-7351-4eea-9832-eae9f09af106","width":488,"height":480,"thumbnail":{"url":"np://user.desktop.nicepage.com/Site_2049818522/images/thumbnails/84e4f887-7351-4eea-9832-eae9f09af106.jpeg","width":250,"height":246},"folderId":null,"usages":["62532114","273008827"]},{"id":"user-image-98960046-374f-4767-aa88-2e0a73c46ee4.jpeg","publicUrl":"np://user.desktop.nicepage.com/Site_2049818522/images/98960046-374f-4767-aa88-2e0a73c46ee4.jpeg","size":91897,"hash":"1+BhL0/lXL4xDJA6IaoJ8RWRPTU=","fileName":"98960046-374f-4767-aa88-2e0a73c46ee4.jpeg","name":"98960046-374f-4767-aa88-2e0a73c46ee4","width":480,"height":480,"thumbnail":{"url":"np://user.desktop.nicepage.com/Site_2049818522/images/thumbnails/98960046-374f-4767-aa88-2e0a73c46ee4.jpeg","width":250,"height":250},"folderId":null,"usages":["62532114","57919570"]},{"id":"user-image-20738e61-890e-49a8-81b2-dca1ee2cf608.jpeg","publicUrl":"np://user.desktop.nicepage.com/Site_2049818522/images/20738e61-890e-49a8-81b2-dca1ee2cf608.jpeg","size":128577,"hash":"/oyhANNmxddsnpWz0fsWqs0lCP0=","fileName":"20738e61-890e-49a8-81b2-dca1ee2cf608.jpeg","name":"20738e61-890e-49a8-81b2-dca1ee2cf608","width":480,"height":480,"thumbnail":{"url":"np://user.desktop.nicepage.com/Site_2049818522/images/thumbnails/20738e61-890e-49a8-81b2-dca1ee2cf608.jpeg","width":250,"height":250},"folderId":null,"usages":["62532114","179113176"]},{"id":"user-image-873b1961-b0e1-4896-bc0c-6c978737e6261.jpeg","publicUrl":"np://user.desktop.nicepage.com/Site_2049818522/images/873b1961-b0e1-4896-bc0c-6c978737e6261.jpeg","size":98856,"hash":"19rBGqTJe9lqmOsjUIHcUfkH9LM=","fileName":"873b1961-b0e1-4896-bc0c-6c978737e6261.jpeg","name":"873b1961-b0e1-4896-bc0c-6c978737e6261","width":480,"height":480,"thumbnail":{"url":"np://user.desktop.nicepage.com/Site_2049818522/images/thumbnails/873b1961-b0e1-4896-bc0c-6c978737e6261.jpeg","width":250,"height":250},"folderId":null,"usages":["62532114","380623608"]},{"id":"user-image-99acba0c-ad77-4cc8-aa02-226fdee89bda.png","publicUrl":"np://user.desktop.nicepage.com/Site_2049818522/images/99acba0c-ad77-4cc8-aa02-226fdee89bda.png","size":119976,"hash":"QdZZ1y1NtoC/cPkU/+6TWPX/OFQ=","fileName":"99acba0c-ad77-4cc8-aa02-226fdee89bda.png","name":"99acba0c-ad77-4cc8-aa02-226fdee89bda","width":480,"height":480,"thumbnail":{"url":"np://user.desktop.nicepage.com/Site_2049818522/images/thumbnails/99acba0c-ad77-4cc8-aa02-226fdee89bda.png","width":250,"height":250},"folderId":null,"usages":["62532114","26736383"]},{"id":"user-image-268de68d-36d3-433d-be73-67060ca95d11.png","publicUrl":"np://user.desktop.nicepage.com/Site_2049818522/images/268de68d-36d3-433d-be73-67060ca95d11.png","size":360362,"hash":"o8FksteegN3nhkYjCl3mheeQhLc=","fileName":"268de68d-36d3-433d-be73-67060ca95d11.png","name":"268de68d-36d3-433d-be73-67060ca95d11","width":480,"height":480,"thumbnail":{"url":"np://user.desktop.nicepage.com/Site_2049818522/images/thumbnails/268de68d-36d3-433d-be73-67060ca95d11.png","width":250,"height":250},"folderId":null,"usages":["62532114","310424047"]},{"id":"user-image-e13fca18-7426-48e3-aed0-5b32fe657dd3.png","publicUrl":"np://user.desktop.nicepage.com/Site_2049818522/images/e13fca18-7426-48e3-aed0-5b32fe657dd3.png","size":336230,"hash":"bLPlyYQvtvy+aFce7NNI2ToXdSs=","fileName":"e13fca18-7426-48e3-aed0-5b32fe657dd3.png","name":"e13fca18-7426-48e3-aed0-5b32fe657dd3","width":480,"height":480,"thumbnail":{"url":"np://user.desktop.nicepage.com/Site_2049818522/images/thumbnails/e13fca18-7426-48e3-aed0-5b32fe657dd3.png","width":250,"height":250},"folderId":null,"usages":["62532114","85308255"]},{"id":"user-image-8154caeb-849e-4b81-9427-0983c17b8866.png","publicUrl":"np://user.desktop.nicepage.com/Site_2049818522/images/8154caeb-849e-4b81-9427-0983c17b8866.png","size":330264,"hash":"7Rok9mfo4wk67b0HN2rgMdh0e3s=","fileName":"8154caeb-849e-4b81-9427-0983c17b8866.png","name":"8154caeb-849e-4b81-9427-0983c17b8866","width":480,"height":480,"thumbnail":{"url":"np://user.desktop.nicepage.com/Site_2049818522/images/thumbnails/8154caeb-849e-4b81-9427-0983c17b8866.png","width":250,"height":250},"folderId":null,"usages":["62532114","1701215146"]},{"id":"user-image-37a777df-c37e-4870-a82f-681ae0faf8ff.png","publicUrl":"np://user.desktop.nicepage.com/Site_2049818522/images/37a777df-c37e-4870-a82f-681ae0faf8ff.png","size":339850,"hash":"1YqRkuHfC9gQSa3Z5sk+VhwKU3Y=","fileName":"37a777df-c37e-4870-a82f-681ae0faf8ff.png","name":"37a777df-c37e-4870-a82f-681ae0faf8ff","width":480,"height":480,"thumbnail":{"url":"np://user.desktop.nicepage.com/Site_2049818522/images/thumbnails/37a777df-c37e-4870-a82f-681ae0faf8ff.png","width":250,"height":250},"folderId":null,"usages":["62532114","246679444"]},{"id":"user-image-8cc7ba14-9caa-44ec-936f-ae9a984eee75.png","publicUrl":"np://user.desktop.nicepage.com/Site_2049818522/images/8cc7ba14-9caa-44ec-936f-ae9a984eee75.png","size":286818,"hash":"aBwm5+Cisd9vXnOheN67KuHcQOk=","fileName":"8cc7ba14-9caa-44ec-936f-ae9a984eee75.png","name":"8cc7ba14-9caa-44ec-936f-ae9a984eee75","width":431,"height":480,"thumbnail":{"url":"np://user.desktop.nicepage.com/Site_2049818522/images/thumbnails/8cc7ba14-9caa-44ec-936f-ae9a984eee75.png","width":224,"height":250},"folderId":null,"usages":["441620032","96895532"]},{"id":"user-image-eafd404a-fddc-4fb1-b4d5-e93e84531769.jpeg","publicUrl":"np://user.desktop.nicepage.com/Site_2049818522/images/eafd404a-fddc-4fb1-b4d5-e93e84531769.jpeg","size":142816,"hash":"30/wjMxam4js7mqmLTGzMPGdzqM=","fileName":"eafd404a-fddc-4fb1-b4d5-e93e84531769.jpeg","name":"eafd404a-fddc-4fb1-b4d5-e93e84531769","width":388,"height":480,"thumbnail":{"url":"np://user.desktop.nicepage.com/Site_2049818522/images/thumbnails/eafd404a-fddc-4fb1-b4d5-e93e84531769.jpeg","width":202,"height":250},"folderId":null,"usages":["441620032","2799110695"]},{"id":"user-image-4a90277b-8ebd-4642-ba8c-1915fb496f8b.png","publicUrl":"np://user.desktop.nicepage.com/Site_2049818522/images/4a90277b-8ebd-4642-ba8c-1915fb496f8b.png","size":236517,"hash":"2scU7DwHXzGextlOUlCtUmijGWQ=","fileName":"4a90277b-8ebd-4642-ba8c-1915fb496f8b.png","name":"4a90277b-8ebd-4642-ba8c-1915fb496f8b","width":357,"height":480,"thumbnail":{"url":"np://user.desktop.nicepage.com/Site_2049818522/images/thumbnails/4a90277b-8ebd-4642-ba8c-1915fb496f8b.png","width":186,"height":250},"folderId":null,"usages":["441620032","839406574"]},{"id":"user-image-1f4a9845-e73e-4240-bd0b-c132d74e93dd.png","publicUrl":"np://user.desktop.nicepage.com/Site_2049818522/images/1f4a9845-e73e-4240-bd0b-c132d74e93dd.png","size":273050,"hash":"qWv5IWfPpd467R/3WtsISo8kGEI=","fileName":"1f4a9845-e73e-4240-bd0b-c132d74e93dd.png","name":"1f4a9845-e73e-4240-bd0b-c132d74e93dd","width":404,"height":480,"thumbnail":{"url":"np://user.desktop.nicepage.com/Site_2049818522/images/thumbnails/1f4a9845-e73e-4240-bd0b-c132d74e93dd.png","width":210,"height":250},"folderId":null,"usages":["441620032","2183215209"]},{"id":"user-image-90acc6d5-090a-4890-9353-3c164acde672.png","publicUrl":"np://user.desktop.nicepage.com/Site_2049818522/images/90acc6d5-090a-4890-9353-3c164acde672.png","size":199390,"hash":"MpjT5DtJO1nqoHuANwoR1252548=","fileName":"90acc6d5-090a-4890-9353-3c164acde672.png","name":"90acc6d5-090a-4890-9353-3c164acde672","width":313,"height":480,"thumbnail":{"url":"np://user.desktop.nicepage.com/Site_2049818522/images/thumbnails/90acc6d5-090a-4890-9353-3c164acde672.png","width":163,"height":250},"folderId":null,"usages":["441620032","28641144"]},{"id":"user-image-c19d0e7f-b046-4d26-a518-528cbe757a90.png","publicUrl":"np://user.desktop.nicepage.com/Site_2049818522/images/c19d0e7f-b046-4d26-a518-528cbe757a90.png","size":233599,"hash":"bRdvk/KQz1MDUeLeW5YsNDJphFs=","fileName":"c19d0e7f-b046-4d26-a518-528cbe757a90.png","name":"c19d0e7f-b046-4d26-a518-528cbe757a90","width":343,"height":480,"thumbnail":{"url":"np://user.desktop.nicepage.com/Site_2049818522/images/thumbnails/c19d0e7f-b046-4d26-a518-528cbe757a90.png","width":179,"height":250},"folderId":null,"usages":["441620032","80725776"]},{"id":"user-image-74c90146-d280-458e-863a-48c18d983f7e.png","publicUrl":"np://user.desktop.nicepage.com/Site_2049818522/images/74c90146-d280-458e-863a-48c18d983f7e.png","size":195355,"hash":"k+UfpX9U84mC3YwTGwbPMUdXoVA=","fileName":"74c90146-d280-458e-863a-48c18d983f7e.png","name":"74c90146-d280-458e-863a-48c18d983f7e","width":309,"height":480,"thumbnail":{"url":"np://user.desktop.nicepage.com/Site_2049818522/images/thumbnails/74c90146-d280-458e-863a-48c18d983f7e.png","width":161,"height":250},"folderId":null,"usages":["441620032","4368251"]},{"id":"user-image-c3626d9e-0777-462b-9332-0c7f25812e0c.png","publicUrl":"np://user.desktop.nicepage.com/Site_2049818522/images/c3626d9e-0777-462b-9332-0c7f25812e0c.png","size":261150,"hash":"axDMpWzJSiTfGEJJqTZf/d/G4Bo=","fileName":"c3626d9e-0777-462b-9332-0c7f25812e0c.png","name":"c3626d9e-0777-462b-9332-0c7f25812e0c","width":402,"height":480,"thumbnail":{"url":"np://user.desktop.nicepage.com/Site_2049818522/images/thumbnails/c3626d9e-0777-462b-9332-0c7f25812e0c.png","width":209,"height":250},"folderId":null,"usages":["441620032","84858136"]},{"id":"user-image-479aa077-3c5c-4d19-93e3-94061eb026cf.png","publicUrl":"np://user.desktop.nicepage.com/Site_2049818522/images/479aa077-3c5c-4d19-93e3-94061eb026cf.png","size":275398,"hash":"fEBlgqLZjGy5jYDpVrmX9VJ+aoU=","fileName":"479aa077-3c5c-4d19-93e3-94061eb026cf.png","name":"479aa077-3c5c-4d19-93e3-94061eb026cf","width":426,"height":480,"thumbnail":{"url":"np://user.desktop.nicepage.com/Site_2049818522/images/thumbnails/479aa077-3c5c-4d19-93e3-94061eb026cf.png","width":222,"height":250},"folderId":null,"usages":["441620032","34992292"]},{"id":"user-image-556b75de-b3a6-4a57-ba8f-ee602f76e574.png","publicUrl":"np://user.desktop.nicepage.com/Site_2049818522/images/556b75de-b3a6-4a57-ba8f-ee602f76e574.png","size":265572,"hash":"JjnFd5JpDLT8HIeYGUxXGM97LFs=","fileName":"556b75de-b3a6-4a57-ba8f-ee602f76e574.png","name":"556b75de-b3a6-4a57-ba8f-ee602f76e574","width":375,"height":480,"thumbnail":{"url":"np://user.desktop.nicepage.com/Site_2049818522/images/thumbnails/556b75de-b3a6-4a57-ba8f-ee602f76e574.png","width":195,"height":250},"folderId":null,"usages":["441620032","59591863"]},{"id":"user-image-ec6cbfb2-d560-4c62-96f8-5805ad267661.png","publicUrl":"np://user.desktop.nicepage.com/Site_2049818522/images/ec6cbfb2-d560-4c62-96f8-5805ad267661.png","size":195264,"hash":"IU1obs5egpdtQx8xw798rYMGSis=","fileName":"ec6cbfb2-d560-4c62-96f8-5805ad267661.png","name":"ec6cbfb2-d560-4c62-96f8-5805ad267661","width":298,"height":480,"thumbnail":{"url":"np://user.desktop.nicepage.com/Site_2049818522/images/thumbnails/ec6cbfb2-d560-4c62-96f8-5805ad267661.png","width":155,"height":250},"folderId":null,"usages":["441620032","155613747"]},{"id":"user-image-dd4b59f9-8e5b-4fa6-bfd1-af926661877b.png","publicUrl":"np://user.desktop.nicepage.com/Site_2049818522/images/dd4b59f9-8e5b-4fa6-bfd1-af926661877b.png","size":239069,"hash":"KAui8ioS5TD4AwXkGTprp5jzsv8=","fileName":"dd4b59f9-8e5b-4fa6-bfd1-af926661877b.png","name":"dd4b59f9-8e5b-4fa6-bfd1-af926661877b","width":350,"height":480,"thumbnail":{"url":"np://user.desktop.nicepage.com/Site_2049818522/images/thumbnails/dd4b59f9-8e5b-4fa6-bfd1-af926661877b.png","width":182,"height":250},"folderId":null,"usages":["441620032","62132223"]},{"id":"user-image-5d078cbe-93ab-444b-a4f4-1b38ee094c42.png","publicUrl":"np://user.desktop.nicepage.com/Site_2049818522/images/5d078cbe-93ab-444b-a4f4-1b38ee094c42.png","size":199830,"hash":"sTjr2pDZsQcH/jwObbZNlb9T+3E=","fileName":"5d078cbe-93ab-444b-a4f4-1b38ee094c42.png","name":"5d078cbe-93ab-444b-a4f4-1b38ee094c42","width":308,"height":480,"thumbnail":{"url":"np://user.desktop.nicepage.com/Site_2049818522/images/thumbnails/5d078cbe-93ab-444b-a4f4-1b38ee094c42.png","width":160,"height":250},"folderId":null,"usages":["441620032","908323936"]},{"id":"user-image-0dc63420-2593-46ec-9f21-359fdc5e5afb.png","publicUrl":"np://user.desktop.nicepage.com/Site_2049818522/images/0dc63420-2593-46ec-9f21-359fdc5e5afb.png","size":211572,"hash":"xIDBVk7MLO2qA/sGIq+uwFyh7XA=","fileName":"0dc63420-2593-46ec-9f21-359fdc5e5afb.png","name":"0dc63420-2593-46ec-9f21-359fdc5e5afb","width":319,"height":480,"thumbnail":{"url":"np://user.desktop.nicepage.com/Site_2049818522/images/thumbnails/0dc63420-2593-46ec-9f21-359fdc5e5afb.png","width":166,"height":250},"folderId":null,"usages":["441620032","7478763"]},{"id":"user-image-1221177d-9be4-4ee7-8d12-a505989db442.png","publicUrl":"np://user.desktop.nicepage.com/Site_2049818522/images/1221177d-9be4-4ee7-8d12-a505989db442.png","size":214664,"hash":"0fsnjY7d9WhM0YHnOkZlgzKdTNM=","fileName":"1221177d-9be4-4ee7-8d12-a505989db442.png","name":"1221177d-9be4-4ee7-8d12-a505989db442","width":326,"height":480,"thumbnail":{"url":"np://user.desktop.nicepage.com/Site_2049818522/images/thumbnails/1221177d-9be4-4ee7-8d12-a505989db442.png","width":170,"height":250},"folderId":null,"usages":["441620032","282111864"]},{"id":"user-image-edd8858e-b273-4678-984f-dfa625deaeea.png","publicUrl":"np://user.desktop.nicepage.com/Site_2049818522/images/edd8858e-b273-4678-984f-dfa625deaeea.png","size":299721,"hash":"BZL3F4+4KDQoPJc1ooWb0nSrthw=","fileName":"edd8858e-b273-4678-984f-dfa625deaeea.png","name":"edd8858e-b273-4678-984f-dfa625deaeea","width":431,"height":480,"thumbnail":{"url":"np://user.desktop.nicepage.com/Site_2049818522/images/thumbnails/edd8858e-b273-4678-984f-dfa625deaeea.png","width":224,"height":250},"folderId":null,"usages":["441620032","1720614563"]},{"id":"user-image-fe4ae323-3527-427f-9371-5fa29ee4cf4b.jpeg","publicUrl":"np://user.desktop.nicepage.com/Site_2049818522/images/fe4ae323-3527-427f-9371-5fa29ee4cf4b.jpeg","size":182131,"hash":"9SpN9i3Zqd4MN6nh6GPH2Wzidiw=","fileName":"fe4ae323-3527-427f-9371-5fa29ee4cf4b.jpeg","name":"fe4ae323-3527-427f-9371-5fa29ee4cf4b","width":480,"height":480,"thumbnail":{"url":"np://user.desktop.nicepage.com/Site_2049818522/images/thumbnails/fe4ae323-3527-427f-9371-5fa29ee4cf4b.jpeg","width":250,"height":250},"folderId":null,"usages":["171256154","770811448"]},{"id":"user-image-29b8e094-f9e7-4e1c-b994-e922c57c0752.jpeg","publicUrl":"np://user.desktop.nicepage.com/Site_2049818522/images/29b8e094-f9e7-4e1c-b994-e922c57c0752.jpeg","size":176532,"hash":"WX8u5Di9tI1BYyP9N1NAfhHE7E0=","fileName":"29b8e094-f9e7-4e1c-b994-e922c57c0752.jpeg","name":"29b8e094-f9e7-4e1c-b994-e922c57c0752","width":480,"height":480,"thumbnail":{"url":"np://user.desktop.nicepage.com/Site_2049818522/images/thumbnails/29b8e094-f9e7-4e1c-b994-e922c57c0752.jpeg","width":250,"height":250},"folderId":null,"usages":["171256154","81870164"]},{"id":"user-image-d1a610e0-9c7b-452c-94fe-2fed207ca2ed.jpeg","publicUrl":"np://user.desktop.nicepage.com/Site_2049818522/images/d1a610e0-9c7b-452c-94fe-2fed207ca2ed.jpeg","size":136891,"hash":"MqQ7J9D26BcAt5jMXutQ8Lb+Y70=","fileName":"d1a610e0-9c7b-452c-94fe-2fed207ca2ed.jpeg","name":"d1a610e0-9c7b-452c-94fe-2fed207ca2ed","width":480,"height":480,"thumbnail":{"url":"np://user.desktop.nicepage.com/Site_2049818522/images/thumbnails/d1a610e0-9c7b-452c-94fe-2fed207ca2ed.jpeg","width":250,"height":250},"folderId":null,"usages":["171256154","56120195"]},{"id":"user-image-b6ad6cc8-6f99-4e0a-addc-08f0990d546e.jpeg","publicUrl":"np://user.desktop.nicepage.com/Site_2049818522/images/b6ad6cc8-6f99-4e0a-addc-08f0990d546e.jpeg","size":192623,"hash":"SUYWS91lx9VTk/CyKo/lvdQHLQk=","fileName":"b6ad6cc8-6f99-4e0a-addc-08f0990d546e.jpeg","name":"b6ad6cc8-6f99-4e0a-addc-08f0990d546e","width":480,"height":480,"thumbnail":{"url":"np://user.desktop.nicepage.com/Site_2049818522/images/thumbnails/b6ad6cc8-6f99-4e0a-addc-08f0990d546e.jpeg","width":250,"height":250},"folderId":null,"usages":["171256154","74544755"]},{"id":"user-image-0fdedd57-db7a-48c8-a174-f971b5f511ad.jpeg","publicUrl":"np://user.desktop.nicepage.com/Site_2049818522/images/0fdedd57-db7a-48c8-a174-f971b5f511ad.jpeg","size":154950,"hash":"29/f2QkKN0hbtCpaVvG3QAwpsgE=","fileName":"0fdedd57-db7a-48c8-a174-f971b5f511ad.jpeg","name":"0fdedd57-db7a-48c8-a174-f971b5f511ad","width":480,"height":480,"thumbnail":{"url":"np://user.desktop.nicepage.com/Site_2049818522/images/thumbnails/0fdedd57-db7a-48c8-a174-f971b5f511ad.jpeg","width":250,"height":250},"folderId":null,"usages":["171256154","140311581"]},{"id":"user-image-4fb371a4-e49c-4eb2-8cf7-8efb1201a3e5.jpeg","publicUrl":"np://user.desktop.nicepage.com/Site_2049818522/images/4fb371a4-e49c-4eb2-8cf7-8efb1201a3e5.jpeg","size":135474,"hash":"H9k22kdovpCVtd02/J1k+mxdW10=","fileName":"4fb371a4-e49c-4eb2-8cf7-8efb1201a3e5.jpeg","name":"4fb371a4-e49c-4eb2-8cf7-8efb1201a3e5","width":480,"height":480,"thumbnail":{"url":"np://user.desktop.nicepage.com/Site_2049818522/images/thumbnails/4fb371a4-e49c-4eb2-8cf7-8efb1201a3e5.jpeg","width":250,"height":250},"folderId":null,"usages":["171256154","81797242"]},{"id":"user-image-a2c503c5-e368-4651-b68e-b946c4df6208.jpeg","publicUrl":"np://user.desktop.nicepage.com/Site_2049818522/images/a2c503c5-e368-4651-b68e-b946c4df6208.jpeg","size":168266,"hash":"zd8V+5nG64qnPkYOsQzLDS+JXr8=","fileName":"a2c503c5-e368-4651-b68e-b946c4df6208.jpeg","name":"a2c503c5-e368-4651-b68e-b946c4df6208","width":480,"height":480,"thumbnail":{"url":"np://user.desktop.nicepage.com/Site_2049818522/images/thumbnails/a2c503c5-e368-4651-b68e-b946c4df6208.jpeg","width":250,"height":250},"folderId":null,"usages":["171256154"]},{"id":"user-image-7b705a53-700a-49a6-abec-627eeb647907.jpeg","publicUrl":"np://user.desktop.nicepage.com/Site_2049818522/images/7b705a53-700a-49a6-abec-627eeb647907.jpeg","size":149885,"hash":"Qm/7S9inblghh61xDeJeJyC0aGk=","fileName":"7b705a53-700a-49a6-abec-627eeb647907.jpeg","name":"7b705a53-700a-49a6-abec-627eeb647907","width":480,"height":480,"thumbnail":{"url":"np://user.desktop.nicepage.com/Site_2049818522/images/thumbnails/7b705a53-700a-49a6-abec-627eeb647907.jpeg","width":250,"height":250},"folderId":null,"usages":["171256154","727709987"]},{"id":"user-image-2f9c56d6-b90c-4315-b6b6-ade36bdcfa83.jpg","publicUrl":"np://user.desktop.nicepage.com/Site_2049818522/images/2f9c56d6-b90c-4315-b6b6-ade36bdcfa83.jpg","size":162741,"hash":"PXGr4Z+QIhb3k/pf+MLPumNQYd0=","fileName":"2f9c56d6-b90c-4315-b6b6-ade36bdcfa83.jpg","name":"2f9c56d6-b90c-4315-b6b6-ade36bdcfa83","width":480,"height":480,"thumbnail":{"url":"np://user.desktop.nicepage.com/Site_2049818522/images/thumbnails/2f9c56d6-b90c-4315-b6b6-ade36bdcfa83.jpg","width":250,"height":250},"folderId":null,"usages":["171256154","98476090"]},{"id":"user-image-7242e3ce-1ad4-49ef-bbc3-8faee2eb4b29.jpg","publicUrl":"np://user.desktop.nicepage.com/Site_2049818522/images/7242e3ce-1ad4-49ef-bbc3-8faee2eb4b29.jpg","size":159641,"hash":"ct2nZX6N8+EOSdIu/Pd48oZZeho=","fileName":"7242e3ce-1ad4-49ef-bbc3-8faee2eb4b29.jpg","name":"7242e3ce-1ad4-49ef-bbc3-8faee2eb4b29","width":480,"height":480,"thumbnail":{"url":"np://user.desktop.nicepage.com/Site_2049818522/images/thumbnails/7242e3ce-1ad4-49ef-bbc3-8faee2eb4b29.jpg","width":250,"height":250},"folderId":null,"usages":["171256154","166009227"]},{"id":"user-image-9d8c3162-243b-4148-956d-02e568ebb166.jpg","publicUrl":"np://user.desktop.nicepage.com/Site_2049818522/images/9d8c3162-243b-4148-956d-02e568ebb166.jpg","size":170558,"hash":"E5QSpv9akfnooXMK+SYWWo5q2ZY=","fileName":"9d8c3162-243b-4148-956d-02e568ebb166.jpg","name":"9d8c3162-243b-4148-956d-02e568ebb166","width":480,"height":480,"thumbnail":{"url":"np://user.desktop.nicepage.com/Site_2049818522/images/thumbnails/9d8c3162-243b-4148-956d-02e568ebb166.jpg","width":250,"height":250},"folderId":null,"usages":["171256154","222868648"]},{"id":"user-image-61024b72-cb7f-4a15-bb4b-cbab40a9aaa9.jpg","publicUrl":"np://user.desktop.nicepage.com/Site_2049818522/images/61024b72-cb7f-4a15-bb4b-cbab40a9aaa9.jpg","size":155722,"hash":"4d4/XaDNgcRUfvfNh1Q+pdsdrd4=","fileName":"61024b72-cb7f-4a15-bb4b-cbab40a9aaa9.jpg","name":"61024b72-cb7f-4a15-bb4b-cbab40a9aaa9","width":480,"height":480,"thumbnail":{"url":"np://user.desktop.nicepage.com/Site_2049818522/images/thumbnails/61024b72-cb7f-4a15-bb4b-cbab40a9aaa9.jpg","width":250,"height":250},"folderId":null,"usages":["171256154","28896328"]},{"id":"user-image-a812763d-001f-409a-8034-ebd5251fcf9d.jpg","publicUrl":"np://user.desktop.nicepage.com/Site_2049818522/images/a812763d-001f-409a-8034-ebd5251fcf9d.jpg","size":150102,"hash":"FDp8a0p4va8HR733Ljcu2tOvq5k=","fileName":"a812763d-001f-409a-8034-ebd5251fcf9d.jpg","name":"a812763d-001f-409a-8034-ebd5251fcf9d","width":480,"height":480,"thumbnail":{"url":"np://user.desktop.nicepage.com/Site_2049818522/images/thumbnails/a812763d-001f-409a-8034-ebd5251fcf9d.jpg","width":250,"height":250},"folderId":null,"usages":["171256154","146229648"]},{"id":"user-image-b003cfc8-7387-4ea7-a844-b0465d1cb5ce.jpg","publicUrl":"np://user.desktop.nicepage.com/Site_2049818522/images/b003cfc8-7387-4ea7-a844-b0465d1cb5ce.jpg","size":133145,"hash":"wdqYesvBs9DSC/Nu8710ENDa/mo=","fileName":"b003cfc8-7387-4ea7-a844-b0465d1cb5ce.jpg","name":"b003cfc8-7387-4ea7-a844-b0465d1cb5ce","width":480,"height":480,"thumbnail":{"url":"np://user.desktop.nicepage.com/Site_2049818522/images/thumbnails/b003cfc8-7387-4ea7-a844-b0465d1cb5ce.jpg","width":250,"height":250},"folderId":null,"usages":["171256154","60736128"]},{"id":"user-image-3faac6b3-9f44-46e5-8b98-2a5b3c5bd06c.jpeg","publicUrl":"np://user.desktop.nicepage.com/Site_2049818522/images/3faac6b3-9f44-46e5-8b98-2a5b3c5bd06c.jpeg","size":181820,"hash":"epeRiWwykaE7Bd4ovVBWwupYSZo=","fileName":"3faac6b3-9f44-46e5-8b98-2a5b3c5bd06c.jpeg","name":"3faac6b3-9f44-46e5-8b98-2a5b3c5bd06c","width":480,"height":480,"thumbnail":{"url":"np://user.desktop.nicepage.com/Site_2049818522/images/thumbnails/3faac6b3-9f44-46e5-8b98-2a5b3c5bd06c.jpeg","width":250,"height":250},"folderId":null,"usages":["171256154","1547522476"]},{"id":"user-image-0bb44b46-530b-460f-8f14-2f62be37b3d2.jpeg","publicUrl":"np://user.desktop.nicepage.com/Site_2049818522/images/0bb44b46-530b-460f-8f14-2f62be37b3d2.jpeg","size":182520,"hash":"RFtplwvhdHrGYY4/3FvX6W+Lf6M=","fileName":"0bb44b46-530b-460f-8f14-2f62be37b3d2.jpeg","name":"0bb44b46-530b-460f-8f14-2f62be37b3d2","width":480,"height":480,"thumbnail":{"url":"np://user.desktop.nicepage.com/Site_2049818522/images/thumbnails/0bb44b46-530b-460f-8f14-2f62be37b3d2.jpeg","width":250,"height":250},"folderId":null,"usages":["171256154","35070068"]},{"id":"user-image-de6e46bb-555c-4a33-b40f-e4a4af447bc8.jpeg","publicUrl":"np://user.desktop.nicepage.com/Site_2049818522/images/de6e46bb-555c-4a33-b40f-e4a4af447bc8.jpeg","size":178069,"hash":"Sfo/zBpRtqeMZvYTjlkRj5EwF2Y=","fileName":"de6e46bb-555c-4a33-b40f-e4a4af447bc8.jpeg","name":"de6e46bb-555c-4a33-b40f-e4a4af447bc8","width":480,"height":480,"thumbnail":{"url":"np://user.desktop.nicepage.com/Site_2049818522/images/thumbnails/de6e46bb-555c-4a33-b40f-e4a4af447bc8.jpeg","width":250,"height":250},"folderId":null,"usages":["171256154","182612747"]},{"id":"user-image-ceeba112-9f5e-4c74-b5b5-0687f865dc08.jpeg","publicUrl":"np://user.desktop.nicepage.com/Site_2049818522/images/ceeba112-9f5e-4c74-b5b5-0687f865dc08.jpeg","size":180230,"hash":"gss+JD0XZkdpFxoYwFuE0TC+dlA=","fileName":"ceeba112-9f5e-4c74-b5b5-0687f865dc08.jpeg","name":"ceeba112-9f5e-4c74-b5b5-0687f865dc08","width":480,"height":480,"thumbnail":{"url":"np://user.desktop.nicepage.com/Site_2049818522/images/thumbnails/ceeba112-9f5e-4c74-b5b5-0687f865dc08.jpeg","width":250,"height":250},"folderId":null,"usages":["171256154","719317480"]},{"id":"user-image-ea20d453-c3b0-455f-ab87-83e9a88e9d10.jpeg","publicUrl":"np://user.desktop.nicepage.com/Site_2049818522/images/ea20d453-c3b0-455f-ab87-83e9a88e9d10.jpeg","size":185643,"hash":"yU88oK8LnJWT1Nl9gJPH1w/RR84=","fileName":"ea20d453-c3b0-455f-ab87-83e9a88e9d10.jpeg","name":"ea20d453-c3b0-455f-ab87-83e9a88e9d10","width":480,"height":480,"thumbnail":{"url":"np://user.desktop.nicepage.com/Site_2049818522/images/thumbnails/ea20d453-c3b0-455f-ab87-83e9a88e9d10.jpeg","width":250,"height":250},"folderId":null,"usages":["171256154","1255427576"]},{"id":"user-image-a11cc792-477d-44dc-949b-d5923859a5ce.jpeg","publicUrl":"np://user.desktop.nicepage.com/Site_2049818522/images/a11cc792-477d-44dc-949b-d5923859a5ce.jpeg","size":182473,"hash":"GoHYsz5xRdbZX+lVqKJT6fivshk=","fileName":"a11cc792-477d-44dc-949b-d5923859a5ce.jpeg","name":"a11cc792-477d-44dc-949b-d5923859a5ce","width":480,"height":480,"thumbnail":{"url":"np://user.desktop.nicepage.com/Site_2049818522/images/thumbnails/a11cc792-477d-44dc-949b-d5923859a5ce.jpeg","width":250,"height":250},"folderId":null,"usages":["171256154","6419768"]},{"id":"user-image-e2172976-9348-4e39-a2eb-fae1b9b47cec.jpeg","publicUrl":"np://user.desktop.nicepage.com/Site_2049818522/images/e2172976-9348-4e39-a2eb-fae1b9b47cec.jpeg","size":178533,"hash":"ixnT340IpV4tAzo7iv2jcxIE+8Y=","fileName":"e2172976-9348-4e39-a2eb-fae1b9b47cec.jpeg","name":"e2172976-9348-4e39-a2eb-fae1b9b47cec","width":480,"height":480,"thumbnail":{"url":"np://user.desktop.nicepage.com/Site_2049818522/images/thumbnails/e2172976-9348-4e39-a2eb-fae1b9b47cec.jpeg","width":250,"height":250},"folderId":null,"usages":["171256154","86406965"]},{"id":"user-image-hthth.png","publicUrl":"np://user.desktop.nicepage.com/Site_2049818522/images/hthth.png","size":199745,"hash":"jJSMKtNuSfoKcBajOvoX2ZYcgXg=","fileName":"hthth.png","name":"hthth","width":480,"height":480,"thumbnail":{"url":"np://user.desktop.nicepage.com/Site_2049818522/images/thumbnails/hthth.png","width":250,"height":250},"folderId":null,"usages":["171256154","92660408","901113481"]},{"id":"user-image-yyy.png","publicUrl":"np://user.desktop.nicepage.com/Site_2049818522/images/yyy.png","size":195365,"hash":"xRdBfmMpnrlf0huwtGlLoOeqjtI=","fileName":"yyy.png","name":"yyy","width":480,"height":480,"thumbnail":{"url":"np://user.desktop.nicepage.com/Site_2049818522/images/thumbnails/yyy.png","width":250,"height":250},"folderId":null,"usages":["441620032","26165469"]},{"id":"user-image-pppp.png","publicUrl":"np://user.desktop.nicepage.com/Site_2049818522/images/pppp.png","size":187019,"hash":"ScgKendZ2Mznt6KtI2/PEJnTcH8=","fileName":"pppp.png","name":"pppp","width":480,"height":480,"thumbnail":{"url":"np://user.desktop.nicepage.com/Site_2049818522/images/thumbnails/pppp.png","width":250,"height":250},"folderId":null,"usages":["441620032","596820270"]},{"id":"user-image-bbbbbbbb.png","publicUrl":"np://user.desktop.nicepage.com/Site_2049818522/images/bbbbbbbb.png","size":198822,"hash":"u72gpVIR5JQjaaTvoWPiKQNTtd0=","fileName":"bbbbbbbb.png","name":"bbbbbbbb","width":480,"height":480,"thumbnail":{"url":"np://user.desktop.nicepage.com/Site_2049818522/images/thumbnails/bbbbbbbb.png","width":250,"height":250},"folderId":null,"usages":["441620032","940721876"]},{"id":"user-image-ggg.png","publicUrl":"np://user.desktop.nicepage.com/Site_2049818522/images/ggg.png","size":202141,"hash":"h9bIJasbYc7HwQvU5eKXhkrYU50=","fileName":"ggg.png","name":"ggg","width":480,"height":480,"thumbnail":{"url":"np://user.desktop.nicepage.com/Site_2049818522/images/thumbnails/ggg.png","width":250,"height":250},"folderId":null,"usages":["441620032","982526786"]},{"id":"user-image-rrr.png","publicUrl":"np://user.desktop.nicepage.com/Site_2049818522/images/rrr.png","size":190401,"hash":"LcsIa0SUopLR/SyEhTb7KHgn1Vs=","fileName":"rrr.png","name":"rrr","width":480,"height":480,"thumbnail":{"url":"np://user.desktop.nicepage.com/Site_2049818522/images/thumbnails/rrr.png","width":250,"height":250},"folderId":null,"usages":["441620032","93812905"]},{"id":"user-image-bbb.png","publicUrl":"np://user.desktop.nicepage.com/Site_2049818522/images/bbb.png","size":170819,"hash":"eUixN+M5BIsuH7UZJa6Rw/K6X0I=","fileName":"bbb.png","name":"bbb","width":480,"height":480,"thumbnail":{"url":"np://user.desktop.nicepage.com/Site_2049818522/images/thumbnails/bbb.png","width":250,"height":250},"folderId":null,"usages":["441620032","471710488"]},{"id":"user-image-bpp.png","publicUrl":"np://user.desktop.nicepage.com/Site_2049818522/images/bpp.png","size":184878,"hash":"7G21CZLn0ZD4BBV/+GOgG4l2DjY=","fileName":"bpp.png","name":"bpp","width":480,"height":480,"thumbnail":{"url":"np://user.desktop.nicepage.com/Site_2049818522/images/thumbnails/bpp.png","width":250,"height":250},"folderId":null,"usages":["441620032","113712368"]},{"id":"user-image-rr.png","publicUrl":"np://user.desktop.nicepage.com/Site_2049818522/images/rr.png","size":193913,"hash":"9kULuzg6rfe3VrkoboNwOgU7RNk=","fileName":"rr.png","name":"rr","width":480,"height":480,"thumbnail":{"url":"np://user.desktop.nicepage.com/Site_2049818522/images/thumbnails/rr.png","width":250,"height":250},"folderId":null,"usages":["685927458"]},{"id":"user-image-b.png","publicUrl":"np://user.desktop.nicepage.com/Site_2049818522/images/b.png","size":66232,"hash":"P9SQWrQ87J3pQKcFT/WtgSFxDXQ=","fileName":"b.png","name":"b","width":480,"height":480,"thumbnail":{"url":"np://user.desktop.nicepage.com/Site_2049818522/images/thumbnails/b.png","width":250,"height":250},"folderId":null,"usages":["441620032","80695099"]},{"id":"user-image-r.png","publicUrl":"np://user.desktop.nicepage.com/Site_2049818522/images/r.png","size":206407,"hash":"59goOiQ6C/TBD+6FXgIHqbJmhz4=","fileName":"r.png","name":"r","width":480,"height":480,"thumbnail":{"url":"np://user.desktop.nicepage.com/Site_2049818522/images/thumbnails/r.png","width":250,"height":250},"folderId":null,"usages":["441620032","1583007195"]},{"id":"user-image-w.png","publicUrl":"np://user.desktop.nicepage.com/Site_2049818522/images/w.png","size":70645,"hash":"UoiI5FKK1BmWusNP7OI129eb2UY=","fileName":"w.png","name":"w","width":480,"height":480,"thumbnail":{"url":"np://user.desktop.nicepage.com/Site_2049818522/images/thumbnails/w.png","width":250,"height":250},"folderId":null,"usages":["441620032","510524024"]},{"id":"user-image-hp.png","publicUrl":"np://user.desktop.nicepage.com/Site_2049818522/images/hp.png","size":80094,"hash":"bmDTCjDQOIFs1y5rS5d9jQIQWQY=","fileName":"hp.png","name":"hp","width":480,"height":480,"thumbnail":{"url":"np://user.desktop.nicepage.com/Site_2049818522/images/thumbnails/hp.png","width":250,"height":250},"folderId":null,"usages":["441620032","266317089"]},{"id":"user-image-o.png","publicUrl":"np://user.desktop.nicepage.com/Site_2049818522/images/o.png","size":202263,"hash":"udyzCAfPLZ0OYws8f3qNEGjqGUM=","fileName":"o.png","name":"o","width":480,"height":480,"thumbnail":{"url":"np://user.desktop.nicepage.com/Site_2049818522/images/thumbnails/o.png","width":250,"height":250},"folderId":null,"usages":["441620032","94921392"]},{"id":"user-image-yg.png","publicUrl":"np://user.desktop.nicepage.com/Site_2049818522/images/yg.png","size":196280,"hash":"iBVGr7+iYbVUBsV4cS0hnycEJKc=","fileName":"yg.png","name":"yg","width":480,"height":480,"thumbnail":{"url":"np://user.desktop.nicepage.com/Site_2049818522/images/thumbnails/yg.png","width":250,"height":250},"folderId":null,"usages":["441620032","1628974"]},{"id":"user-image-y.png","publicUrl":"np://user.desktop.nicepage.com/Site_2049818522/images/y.png","size":8257,"hash":"l4cPXEW0cVbL1ZF85ZIW8xZTzNQ=","fileName":"y.png","name":"y","width":100,"height":100,"thumbnail":{"url":"np://user.desktop.nicepage.com/Site_2049818522/images/thumbnails/y.png","height":100,"width":100,"length":8257,"type":"jpg"},"folderId":null,"usages":["70057431"]},{"id":"user-image-bb.png","publicUrl":"np://user.desktop.nicepage.com/Site_2049818522/images/bb.png","size":7486,"hash":"wN9cZtRdFawCmMNYcelqI71ia5M=","fileName":"bb.png","name":"bb","width":100,"height":100,"thumbnail":{"url":"np://user.desktop.nicepage.com/Site_2049818522/images/thumbnails/bb.png","height":100,"width":100,"length":7486,"type":"jpg"},"folderId":null,"usages":["166897556"]},{"id":"user-image-p.png","publicUrl":"np://user.desktop.nicepage.com/Site_2049818522/images/p.png","size":188833,"hash":"uDEMX3nbHEchty0gKAhr2MFdsxg=","fileName":"p.png","name":"p","width":480,"height":480,"thumbnail":{"url":"np://user.desktop.nicepage.com/Site_2049818522/images/thumbnails/p.png","width":250,"height":250},"folderId":null,"usages":["441620032"]},{"id":"user-image-blackcyan.png","publicUrl":"np://user.desktop.nicepage.com/Site_2049818522/images/blackcyan.png","size":290902,"hash":"DxUm1TNfid7VRrD7EPzT6VSYZDk=","fileName":"blackcyan.png","name":"blackcyan","width":448,"height":417,"thumbnail":{"url":"np://user.desktop.nicepage.com/Site_2049818522/images/thumbnails/blackcyan.png","width":250,"height":233},"folderId":null,"usages":["97858835","415014824"]},{"id":"user-image-shynygrey.png","publicUrl":"np://user.desktop.nicepage.com/Site_2049818522/images/shynygrey.png","size":283577,"hash":"jyNJFMzXwkai4VwGM2BInTT4Qtc=","fileName":"shynygrey.png","name":"shynygrey","width":460,"height":458,"thumbnail":{"url":"np://user.desktop.nicepage.com/Site_2049818522/images/thumbnails/shynygrey.png","width":250,"height":249},"folderId":null,"usages":["97858835","921101666"]},{"id":"user-image-blackandwhite.png","publicUrl":"np://user.desktop.nicepage.com/Site_2049818522/images/blackandwhite.png","size":195476,"hash":"cn23TknjpaWuMdq8kDmdddDGSzo=","fileName":"blackandwhite.png","name":"blackandwhite","width":338,"height":480,"thumbnail":{"url":"np://user.desktop.nicepage.com/Site_2049818522/images/thumbnails/blackandwhite.png","width":176,"height":250},"folderId":null,"usages":["97858835","883223836"]},{"id":"user-image-blackndblue.png","publicUrl":"np://user.desktop.nicepage.com/Site_2049818522/images/blackndblue.png","size":278367,"hash":"2bS7tNFFmCZN9ljA9Wanhd9Fj8U=","fileName":"blackndblue.png","name":"blackndblue","width":375,"height":480,"thumbnail":{"url":"np://user.desktop.nicepage.com/Site_2049818522/images/thumbnails/blackndblue.png","width":195,"height":250},"folderId":null,"usages":["97858835","84397003"]},{"id":"user-image-blackndpink.png","publicUrl":"np://user.desktop.nicepage.com/Site_2049818522/images/blackndpink.png","size":246397,"hash":"c58O2Yvuk+u5WFUVtO3YzrR6y3w=","fileName":"blackndpink.png","name":"blackndpink","width":381,"height":480,"thumbnail":{"url":"np://user.desktop.nicepage.com/Site_2049818522/images/thumbnails/blackndpink.png","width":198,"height":250},"folderId":null,"usages":["97858835","1438428282"]},{"id":"user-image-blackndyellow.png","publicUrl":"np://user.desktop.nicepage.com/Site_2049818522/images/blackndyellow.png","size":198702,"hash":"7/kj+2HMGwLvzE7nw2TtxY3KzW0=","fileName":"blackndyellow.png","name":"blackndyellow","width":315,"height":480,"thumbnail":{"url":"np://user.desktop.nicepage.com/Site_2049818522/images/thumbnails/blackndyellow.png","width":164,"height":250},"folderId":null,"usages":["97858835","93979406"]},{"id":"user-image-pndc.png","publicUrl":"np://user.desktop.nicepage.com/Site_2049818522/images/pndc.png","size":302367,"hash":"oC9SYyNcd2F5VJ75r82nl8/Ozn4=","fileName":"pndc.png","name":"pndc","width":403,"height":480,"thumbnail":{"url":"np://user.desktop.nicepage.com/Site_2049818522/images/thumbnails/pndc.png","width":210,"height":250},"folderId":null,"usages":["97858835","15142633"]},{"id":"user-image-darkkble.png","publicUrl":"np://user.desktop.nicepage.com/Site_2049818522/images/darkkble.png","size":394990,"hash":"J2GzNR6+D5zBC5K4qcDmap63vms=","fileName":"darkkble.png","name":"darkkble","width":491,"height":460,"thumbnail":{"url":"np://user.desktop.nicepage.com/Site_2049818522/images/thumbnails/darkkble.png","width":250,"height":234},"folderId":null,"usages":["97858835","113819168"]},{"id":"user-image-bndg.png","publicUrl":"np://user.desktop.nicepage.com/Site_2049818522/images/bndg.png","size":367132,"hash":"0LEygD5ENtIyj/bvSkWZ/30TBV8=","fileName":"bndg.png","name":"bndg","width":495,"height":454,"thumbnail":{"url":"np://user.desktop.nicepage.com/Site_2049818522/images/thumbnails/bndg.png","width":250,"height":229},"folderId":null,"usages":["97858835","627617514"]},{"id":"user-image-darkbluendwhite.png","publicUrl":"np://user.desktop.nicepage.com/Site_2049818522/images/darkbluendwhite.png","size":333991,"hash":"unOFD14uV8a5kIkfa07Rb9FqFjM=","fileName":"darkbluendwhite.png","name":"darkbluendwhite","width":474,"height":441,"thumbnail":{"url":"np://user.desktop.nicepage.com/Site_2049818522/images/thumbnails/darkbluendwhite.png","width":250,"height":233},"folderId":null,"usages":["97858835","292723233"]},{"id":"user-image-yellow.png","publicUrl":"np://user.desktop.nicepage.com/Site_2049818522/images/yellow.png","size":271269,"hash":"JJAiiqzli7pwymQV5gV+i/cBi70=","fileName":"yellow.png","name":"yellow","width":421,"height":480,"thumbnail":{"url":"np://user.desktop.nicepage.com/Site_2049818522/images/thumbnails/yellow.png","width":219,"height":250},"folderId":null,"usages":["441620032","339802963"]},{"id":"user-image-pink.png","publicUrl":"np://user.desktop.nicepage.com/Site_2049818522/images/pink.png","size":277711,"hash":"x+yWzM4wfcn5A5QegSHrxMyAFqM=","fileName":"pink.png","name":"pink","width":459,"height":480,"thumbnail":{"url":"np://user.desktop.nicepage.com/Site_2049818522/images/thumbnails/pink.png","width":239,"height":250},"folderId":null,"usages":["441620032","32517108"]},{"id":"user-image-whitered.png","publicUrl":"np://user.desktop.nicepage.com/Site_2049818522/images/whitered.png","size":282913,"hash":"CPV6uSr5DVKxhxT/NswyOsTABm8=","fileName":"whitered.png","name":"whitered","width":430,"height":480,"thumbnail":{"url":"np://user.desktop.nicepage.com/Site_2049818522/images/thumbnails/whitered.png","width":224,"height":250},"folderId":null,"usages":["441620032","43957711"]},{"id":"user-image-red.png","publicUrl":"np://user.desktop.nicepage.com/Site_2049818522/images/red.png","size":275070,"hash":"q3hdc4C5nThRDCNL7BbeAtZyPSs=","fileName":"red.png","name":"red","width":399,"height":480,"thumbnail":{"url":"np://user.desktop.nicepage.com/Site_2049818522/images/thumbnails/red.png","width":208,"height":250},"folderId":null,"usages":["441620032","92202089"]},{"id":"user-image-purple.png","publicUrl":"np://user.desktop.nicepage.com/Site_2049818522/images/purple.png","size":300132,"hash":"wjDaSfeeqsgdTcr+vQUx+QPwvXQ=","fileName":"purple.png","name":"purple","width":438,"height":480,"thumbnail":{"url":"np://user.desktop.nicepage.com/Site_2049818522/images/thumbnails/purple.png","width":228,"height":250},"folderId":null,"usages":["441620032","44025340"]},{"id":"user-image-lemon.png","publicUrl":"np://user.desktop.nicepage.com/Site_2049818522/images/lemon.png","size":305179,"hash":"xWk0enux3knxeiZg2QvLFfN0MnI=","fileName":"lemon.png","name":"lemon","width":460,"height":480,"thumbnail":{"url":"np://user.desktop.nicepage.com/Site_2049818522/images/thumbnails/lemon.png","width":240,"height":250},"folderId":null,"usages":["441620032","25023681"]},{"id":"user-image-babyblue.png","publicUrl":"np://user.desktop.nicepage.com/Site_2049818522/images/babyblue.png","size":278197,"hash":"GQGbGEs9qh48jKvqSkvrbNyYpW4=","fileName":"babyblue.png","name":"babyblue","width":412,"height":480,"thumbnail":{"url":"np://user.desktop.nicepage.com/Site_2049818522/images/thumbnails/babyblue.png","width":215,"height":250},"folderId":null,"usages":["441620032","258123310"]},{"id":"user-image-rosered.png","publicUrl":"np://user.desktop.nicepage.com/Site_2049818522/images/rosered.png","size":273567,"hash":"B8jee42rT5rlTuetU16UJ5SfxCc=","fileName":"rosered.png","name":"rosered","width":378,"height":480,"thumbnail":{"url":"np://user.desktop.nicepage.com/Site_2049818522/images/thumbnails/rosered.png","width":197,"height":250},"folderId":null,"usages":["441620032","1813127520"]},{"id":"user-image-cyan.png","publicUrl":"np://user.desktop.nicepage.com/Site_2049818522/images/cyan.png","size":304160,"hash":"yLr2DmrNf+aah6uirfTLobXqwmE=","fileName":"cyan.png","name":"cyan","width":465,"height":480,"thumbnail":{"url":"np://user.desktop.nicepage.com/Site_2049818522/images/thumbnails/cyan.png","width":242,"height":250},"folderId":null,"usages":["441620032","966209810","842124190"]},{"id":"user-image-download.jpg","publicUrl":"np://user.desktop.nicepage.com/Site_2049818522/images/download.jpg","size":2958,"hash":"h8wK6YsiQRMaYkixB5CS9RJc25c=","fileName":"download.jpg","name":"download","width":183,"height":275,"thumbnail":{"url":"np://user.desktop.nicepage.com/Site_2049818522/images/thumbnails/download.jpg","width":166,"height":250},"folderId":null,"usages":["98530010"]},{"id":"user-image-images.jpg","publicUrl":"np://user.desktop.nicepage.com/Site_2049818522/images/images.jpg","size":4023,"hash":"RXpH7zrKvQ1DtJQHAF47Wj8Gj24=","fileName":"images.jpg","name":"images","width":183,"height":275,"thumbnail":{"url":"np://user.desktop.nicepage.com/Site_2049818522/images/thumbnails/images.jpg","width":166,"height":250},"folderId":null,"usages":["98530010"]}]